{
  "version": 1,
  "author": "Anonymous maker",
  "editor": "wokwi",
  "parts": [
    { "type": "board-esp32-devkit-c-v4", "id": "esp", "top": -76.8, "left": 43.24, "attrs": {} },
    {
      "type": "wokwi-lcd1602",
      "id": "lcd1",
      "top": -80,
      "left": 245.6,
      "attrs": { "pins": "i2c" }
    },
    {
      "type": "wokwi-pushbutton",
      "id": "btn1",
      "top": 121.4,
      "left": 211.2,
      "attrs": { "color": "red", "xray": "1" }
    },
    {
      "type": "wokwi-pushbutton",
      "id": "btn2",
      "top": 169.4,
      "left": 211.2,
      "attrs": { "color": "green", "xray": "1" }
    },
    {
      "type": "wokwi-resistor",
      "id": "r1",
      "top": 14.4,
      "left": 172.25,
      "rotate": 90,
      "attrs": { "value": "1000" }
    },
    {
      "type": "wokwi-resistor",
      "id": "r2",
      "top": 14.4,
      "left": 181.85,
      "rotate": 90,
      "attrs": { "value": "1000" }
    }
  ],
  "connections": [
    [ "esp:TX", "$serialMonitor:RX", "", [] ],
    [ "esp:RX", "$serialMonitor:TX", "", [] ],
    [ "lcd1:VCC", "esp:3V3", "red", [ "h-9.6", "v-57.5", "h-134.55" ] ],
    [ "lcd1:GND", "esp:GND.2", "black", [ "h0" ] ],
    [ "lcd1:SCL", "esp:22", "green", [ "h-96", "v-9.3" ] ],
    [ "r2:1", "lcd1:VCC", "green", [ "h0", "v-28.8" ] ],
    [ "r1:1", "lcd1:VCC", "green", [ "h0", "v-28.8" ] ],
    [ "r2:2", "btn1:1.l", "green", [ "h0" ] ],
    [ "lcd1:SDA", "esp:21", "green", [ "h-86.4", "v29" ] ],
    [ "btn2:2.r", "esp:GND.3", "green", [ "h9.8", "v-124.6", "h-105.6", "v-67.2" ] ],
    [ "r1:2", "btn2:1.l", "green", [ "h0", "v133.2" ] ],
    [ "btn1:1.l", "esp:4", "green", [ "h-48", "v-28.8" ] ],
    [ "btn2:1.l", "esp:2", "green", [ "h-57.6", "v-9.6" ] ],
    [ "btn1:2.r", "esp:GND.3", "green", [ "h9.8", "v-76.6", "h-105.6", "v-67.2" ] ]
  ],
  "dependencies": {}
}